{
  "BN001": "FileNotFoundError('fname does not exist: /content/drive/MyDrive/EEG/EEG_Annot/EEG_BN001_annoted.fif')",
  "BN002": "FileNotFoundError('fname does not exist: /content/drive/MyDrive/EEG/EEG_Annot/EEG_BN002_annoted.fif')",
  "K299": 0.7377777777777778,
  "K300": "KeyboardInterrupt()",
  "BN003": "KeyboardInterrupt()",
  "K342": 0.7844444444444443,
  "K343": 0.7155555555555556,
  "K344": 0.8375,
  "K320": 0.775,
  "K322": 0.7749999999999999,
  "K327": 0.8272727272727274,
  "K324": 0.7630434782608696,
  "K326": 0.7755555555555556,
  "K325": 0.7282608695652174,
  "K328": 0.7108695652173912,
  "K321": 0.7837209302325581,
  "K323": 0.84375,
  "K319": 0.7921568627450981,
  "K334": 0.8047619047619048,
  "K331": 0.5333333333333332,
  "K329": 0.788888888888889,
  "K335": 0.7955555555555556,
  "K311": 0.72,
  "K333": 0.8239130434782608,
  "K309": 0.6155555555555555,
  "K330": 0.66,
  "K332": 0.48888888888888893,
  "K310": 0.7377777777777779,
  "K313": 0.78,
  "K314": 0.5717391304347825,
  "K318": 0.4025641025641026,
  "K315": 0.6972972972972974,
  "K316": 0.7023809523809524,
  "K317": "FileNotFoundError('fname does not exist: /content/drive/MyDrive/EEG/EEG_Annot/EEG_K317_annoted.fif')",
  "K312": 0.8304347826086957,
  "K375": 0.8,
  "K359": 0.6951219512195121,
  "K357": 0.5694444444444444,
  "K374": 0.6902439024390243,
  "K358": 0.5934782608695652,
  "K361": 0.6853658536585364,
  "K360": 0.7516129032258065,
  "K356": 0.6666666666666667,
  "K355": 0.651111111111111,
  "K362": 0.7155555555555555,
  "K368": 0.6925925925925925,
  "K372": 0.5675,
  "K364": 0.6576923076923077,
  "K371": 0.6853658536585365,
  "K366": 0.7322580645161292,
  "K370": 0.7200000000000001,
  "K373": 0.7279069767441861,
  "K369": 0.8454545454545455,
  "K351": 0.7577777777777778,
  "K336": 0.8044444444444444,
  "K339": 0.8088888888888889,
  "K352": 0.7222222222222223,
  "K340": 0.8444444444444444,
  "K353": 0.6950000000000001,
  "K350": 0.7787878787878789,
  "K338": 0.7822222222222222,
  "K337": 0.7488888888888889,
  "K022": 0.476,
  "K020": 0.7444444444444445,
  "K016": 0.716,
  "K365": 0.6688888888888889,
  "K019": "FileNotFoundError('fname does not exist: /content/drive/MyDrive/EEG/EEG_Annot/EEG_K019_annoted.fif')",
  "K017": 0.4888888888888888,
  "K363": 0.7577777777777778,
  "K021": 0.7791666666666667,
  "K354": 0.5688888888888889,
  "K367": 0.680952380952381,
  "K018": 0.7166666666666666,
  "K355 (1)": "FileNotFoundError('fname does not exist: /content/drive/MyDrive/EEG/EEG_Annot/EEG_K355 (1)_annoted.fif')",
  "K010": 0.4884615384615384,
  "K013": 0.6208333333333333,
  "K011": 0.6291666666666667,
  "K008": 0.7791666666666667,
  "K004": 0.7208333333333332,
  "K007": 0.8291666666666666,
  "K005": 0.8222222222222222,
  "K012": 0.42105263157894723,
  "K006": 0.6759999999999999,
  "K009": 0.5650000000000001,
  "K002": 0.7473684210526316,
  "K001": 0.6333333333333333,
  "K003": 0.6807692307692308,
  "K015": 0.7043478260869565,
  "K014": 0.5764705882352941,
  "K026": 0.768421052631579,
  "K024": 0.6,
  "K027": 0.5791666666666667,
  "K025": 0.5058823529411766,
  "K023": 0.6153846153846153,
  "K028": 0.5479999999999999,
  "K301": 0.5920000000000001,
  "K302": 0.8071428571428572,
  "K303": 0.7707317073170731,
  "BN004": 0.6083333333333333,
  "BN100": 0.7076923076923077,
  "BN099": 0.5041666666666667,
  "K308": 0.791304347826087,
  "K306": 0.75,
  "K305": 0.7872340425531915,
  "K304": 0.7818181818181819,
  "K307": 0.6688888888888889
}